timestamp,txid,input_addresses,output_addresses,input_amounts,output_amounts,fee,script_type
2026-01-08T18:00:59,e064aed1904b04eb,input_Rvj7uff0LY,output_TH8xIZM1JR,0.238664,0.236377,0.002287,P2SH
2026-01-12T02:51:37,26d8845eed3a38fe,input_YXye4JSnE2,output_NiiUHUAKw9,0.700275,0.695335,0.00494,P2PKH
2026-01-25T07:13:30,3ed8da5cee2daa76,input_VFgM0Fmxk7,output_54LEgw9Yoo,2.841111,2.840314,0.000797,P2WPKH
2026-01-27T21:21:55,b2ee3bdfeaff8e8d,input_oneNo41eoP,output_ni6JDWYlgA,2.123657,2.118981,0.004676,P2WPKH
2026-01-12T11:24:07,f287c549965e9cc1,input_kEnydx9qWC,output_A79ISjs8JH,3.742398,3.741817,0.000581,P2WPKH
2026-01-20T05:07:26,c3f14de52d5dd9cb,input_iOC56aMIgH,output_FiveprBHs8,4.037429,4.032135,0.005294,P2WPKH
2026-01-13T17:12:00,ee222c5df4d5adc2,input_kBRIg6Qjcw,output_IAcw58cwQP,1.774856,1.769253,0.005603,P2SH
2026-01-12T01:10:04,3b393eb9ea53f80a,input_nOyreVvFQ0,output_ub2qJ8cKvW,2.187605,2.177762,0.009843,P2PKH
2026-01-07T04:18:03,5f0ebfae81e76cf6,input_lPxUkJzZsn,output_WLtBPFX7TO,1.426094,1.419452,0.006642,P2WPKH
2026-01-21T15:19:52,e56b31fdaadcf883,input_nXRCI4hiCG,output_ItUBY3A4Bj,4.30886,4.304354,0.004506,P2PKH
2026-01-28T22:43:40,d61657b35ff18b94,input_xavU07zUHL,output_nnBbuQzkCh,3.115062,3.114783,0.000279,P2SH
2026-01-02T22:54:14,0e2a1847a8ac510b,input_U6mbjhPInR,output_VkLUhY7gbt,3.389963,3.380381,0.009582,P2SH
2026-01-08T10:14:51,fd2acd2fb798b7cc,input_BT7qYHDBTq,output_0Zf2pCLxb0,0.917381,0.915252,0.002129,P2SH
2026-01-27T17:14:56,ddcb458c5af90685,input_uRqphlhHVl,output_nES8Grgmol,0.0806,0.075254,0.005346,P2SH
2026-01-05T03:14:34,6eea206a7f5c21ac,input_9hVLXnGBB1,output_9sMLT6mnOj,0.87733,0.87657,0.00076,P2PKH
2026-01-28T15:10:27,d65ff9febdee9bed,input_5BDsyqHBL3,output_TLboP1KbVY,2.885472,2.877839,0.007633,P2PKH
2026-01-20T14:53:53,96f9bfa87239ae8a,input_1Za1CdGMEB,output_dqir2EbNXS,1.560643,1.560496,0.000147,P2SH
2026-01-25T15:33:26,ea2cafb6cf5c8ebd,input_qaTZJO1BEu,output_Vx518ox1zt,2.370151,2.361016,0.009135,P2SH
2026-01-16T22:48:23,cfa0bcdd9baf9e3a,input_01xtSV2ceN,output_59UAgN2BR4,0.239495,0.231532,0.007963,P2SH
2026-01-17T18:36:47,3bcb31dd5e3a550b,input_9s7QCs90gx,output_wsRbZya1W8,4.553979,4.546525,0.007454,P2SH
2026-01-18T18:15:17,7edefecdde69ca16,input_G4ZpZDYUvh,output_7i71S87XwX,0.079454,0.074084,0.00537,P2SH
2026-01-12T09:33:42,ecce250dce41ce68,input_3iCPU6zUjz,output_gEz6cwB61g,3.431545,3.426096,0.005449,P2WPKH
2026-01-29T22:22:08,6fec24ef17fb4ccc,input_a1iipkObaW,output_oukdTGUDWF,0.55418,0.549137,0.005043,P2WPKH
2026-01-23T00:37:00,de6e0fc92f9d732d,input_FAXhO2I1A3,output_zZyTttp7QD,0.465212,0.464349,0.000863,P2SH
2026-01-28T00:05:46,821fce9de9e1662b,input_wVJY08YMNb,output_5ZqlRtva1J,2.009914,2.008487,0.001427,P2WPKH
2026-01-06T09:11:45,b89367edd3a1199d,input_rQEPcyLasn,output_ipuaUkxRFZ,4.032939,4.032209,0.00073,P2WPKH
2026-01-17T11:33:41,a1698e68f3eaf792,input_nWeNGmWv7O,output_jgpkjVe6MC,2.82304,2.817241,0.005799,P2WPKH
2026-01-29T04:07:57,f7f69adbd71a086e,input_IX3BYOtDjd,output_g3vSFkpBBG,0.802144,0.798409,0.003735,P2SH
2026-01-05T02:42:17,7dbe12e6fedd7c37,input_txXYPZTQGO,output_Awwln6Eoie,4.223698,4.222678,0.00102,P2WPKH
2026-01-23T18:26:34,7a283cab399e596a,input_4mQJBVWFzk,output_mL2dDx5SFh,0.428537,0.426925,0.001612,P2SH
2026-01-07T17:42:18,9e49701b5f80eceb,input_VDM4bnj6LA,output_WohoNMdZEH,3.163455,3.1577,0.005755,P2WPKH
2026-01-06T00:46:37,07c4eb7ebbb0d088,input_VTucHYkWCR,output_NYdWCscmc5,2.581764,2.571873,0.009891,P2WPKH
2026-01-30T05:54:32,a47bd728dad8faae,input_9lsgusBSkB,output_BT4MANXdPz,2.570299,2.562798,0.007501,P2PKH
2026-01-25T05:25:42,db01b88cdee8acb8,input_G4hWRnLR9m,output_iekS9Y79PR,2.754486,2.751575,0.002911,P2SH
2026-01-28T21:48:27,eebb243b0c8bcd16,input_e8NBQv2WNl,output_7A4dhjkuRv,4.705111,4.696161,0.00895,P2PKH
2026-01-28T18:35:17,f6dd2edc3dd7e0d1,input_zNEMr7DXQs,output_edBEmLtST1,4.877117,4.875801,0.001316,P2SH
2026-01-20T02:09:37,7a55268d5d37c6aa,input_F7nvdE2ODH,output_0A2TVwyJmI,0.376923,0.371875,0.005048,P2WPKH
2026-01-20T01:49:30,d228fc83d800fbb3,input_9TsuZHRsYw,output_P8KXSQbD7W,3.883049,3.877268,0.005781,P2WPKH
2026-01-11T01:34:14,3ddc3e0e2063f9be,input_I9Dx7CHHP1,output_QXqE7rs68V,3.527456,3.520551,0.006905,P2SH
2026-01-28T06:47:54,cef6cbd87b30f1ee,input_RiMKpPGNdz,output_SgVaI5z52D,1.005285,0.995645,0.00964,P2SH
2026-01-06T05:00:51,d1cbfee3d3ef8aef,input_5uCNG3iFqY,output_uTOSausPlL,3.197242,3.193181,0.004061,P2SH
2026-01-16T02:18:56,82fae08957cc575e,input_QN6wn7DC9x,output_R4UXZVQKWG,2.645584,2.64196,0.003624,P2WPKH
2026-01-01T03:30:47,cbc37b24c2bb9ba1,input_UJcvd95e5b,output_zVV8OA9x14,1.884471,1.877641,0.00683,P2WPKH
2026-01-21T08:27:02,c2f82fcafaf985a3,input_M63oeKBP2p,output_cBHUWi9o4J,2.891599,2.883871,0.007728,P2SH
2026-01-23T23:41:21,3e461eded9afeeb7,input_on1iCdzzGy,output_pueBxHZdxL,0.207342,0.206605,0.000737,P2WPKH
2026-01-25T03:22:12,4d6d44aaaeff8576,input_CXSVtmtc1T,output_bIKSsmoJpI,4.717888,4.714506,0.003382,P2SH
2026-01-03T22:25:46,a73c4dffbc1b103d,input_MPMDEaIaGr,output_8bYPX4gfjl,2.637015,2.628861,0.008154,P2SH
2026-01-05T15:06:16,fa5f6c1fe088aef1,input_34o3QJq5Qr,output_HOl0amiYY5,1.503392,1.497748,0.005644,P2WPKH
2026-01-19T05:24:14,b8abf1a7251dddf7,input_AQOfMXSfjS,output_NTtgatwqil,2.24973,2.244178,0.005552,P2SH
2026-01-24T12:10:13,72d78681ddfc3836,input_Ww6SEMCiay,output_0x1BAZOKsL,3.479509,3.474714,0.004795,P2PKH
2026-01-20T20:41:04,adfb76b8e4f3a0fe,input_PispjAxBLK,output_H51zc8RYK4,0.555753,0.553263,0.00249,P2WPKH
2026-01-06T01:48:31,dceef7b224acf48a,input_s5fZTvvWGv,output_gSCecSbvgX,4.650313,4.642906,0.007407,P2WPKH
2026-01-18T18:10:47,79abd4e8ad99046f,input_uCq1GNLLKv,output_0MYRsMfihs,0.923392,0.916455,0.006937,P2WPKH
2026-01-24T20:54:07,384dfefca3691703,input_z0EfbVsrHk,output_CUVIhhWZwZ,0.217637,0.210444,0.007193,P2WPKH
2026-01-03T21:09:24,ae5d05c1d2b4afcd,input_JHLk8sJ7F3,output_YiUzdrORij,1.617263,1.61478,0.002483,P2WPKH
2026-01-04T01:47:08,c599dd2b6e8e70ba,input_Xy8ZEurHi0,output_W3VcMZb5jC,4.959273,4.954989,0.004284,P2WPKH
2026-01-17T16:17:34,3e6e58d386f5ef0a,input_Y9AiexTgt2,output_iVUi9iGaOB,3.614936,3.608651,0.006285,P2PKH
2026-01-30T11:07:15,94d32a79b5e5df6e,input_FUsd37EgEK,output_G895i1JwQV,4.77272,4.765014,0.007706,P2PKH
2026-01-04T05:01:46,501bbdb9f1bd66b4,input_tB7op5hLdP,output_OkaiaEvGYq,1.865628,1.858128,0.0075,P2SH
2026-01-23T21:38:44,b51fc1a7ac852cf5,input_w5l7cXSOnp,output_4tZJhPdnFc,2.010615,2.001844,0.008771,P2SH
2026-01-17T06:19:24,c04c6dadaa4da509,input_aO0TgGoEd9,output_Sf53GRx8ff,0.676234,0.668033,0.008201,P2PKH
2026-01-11T01:54:49,9f556bfa6514bc33,input_CC0fYsRLn1,output_jS8ydsYk70,2.784209,2.778703,0.005506,P2PKH
2026-01-06T22:45:18,b21b448fe1ce1f4e,input_cCkJYybQkn,output_lr2cMpszId,1.406082,1.404701,0.001381,P2PKH
2026-01-08T17:58:34,fb08fab7c750d0b6,input_gOqY4d9n0X,output_v00kKXR4bR,4.738318,4.732678,0.00564,P2WPKH
2026-01-04T12:30:19,6a154b0e42fec70c,input_x6ygsij6X7,output_Ok8R5WnKkt,3.445607,3.444325,0.001282,P2WPKH
2026-01-17T07:10:35,ccac47bde2a7177d,input_BqpepgaxT8,output_2ExHgD1OQk,0.37781,0.369351,0.008459,P2SH
2026-01-27T05:17:30,e138acd2dda0e3d3,input_qrodJ0jwAs,output_PLmbksf0ty,2.450593,2.443979,0.006614,P2PKH
2026-01-24T01:12:37,884095cc3f2eb9a5,input_Josy0cJGJ8,output_j6B6knlceQ,1.017577,1.00935,0.008227,P2PKH
2026-01-05T21:39:44,ee18876adbdb993c,input_W122qOJDky,output_MQyy2QdDqx,1.695952,1.688013,0.007939,P2SH
2026-01-25T14:27:33,f2d2f9c59e44caad,input_zWGJk2mdcd,output_wmwCy5QpEB,4.802997,4.798246,0.004751,P2WPKH
2026-01-01T09:51:39,c5c101cb4444ebdf,input_nL6SRr30Cn,output_sGMKa970IK,1.420558,1.413711,0.006847,P2SH
2026-01-29T07:16:18,ec5fd63adbbdeefe,input_RJlTnHW4PF,output_002lghqYVl,3.401765,3.398402,0.003363,P2PKH
2026-01-17T15:14:21,a6b756cadce1dbd8,input_zJ4CtSWENk,output_NaqVkVEVfM,3.171103,3.167063,0.00404,P2SH
2026-01-26T10:38:28,baedab00a4d62b61,input_u39v3wl64z,output_oTiTKkwOc2,1.286388,1.281036,0.005352,P2PKH
2026-01-14T17:22:38,2c12925f4f092bdf,input_hgmmqGmRsc,output_Em5uaP4ZPj,0.459513,0.454391,0.005122,P2WPKH
2026-01-05T12:17:46,5f6a2306b6a2a1ce,input_xvhyCZQDA2,output_kiT80g4DJB,3.060503,3.052709,0.007794,P2WPKH
2026-01-13T01:36:47,cf2e29156feaccfe,input_DPNjZ3Ma5F,output_DEkUturFIx,4.087345,4.086547,0.000798,P2SH
2026-01-23T01:29:03,c92ae29c01dd6b4e,input_uVLSwCgOaw,output_NXHxg3EYUz,1.278904,1.276937,0.001967,P2PKH
2026-01-09T14:27:20,c47a1de2dacbf0ac,input_QkYgOLt2zL,output_QpyvsXiL2F,4.216941,4.211458,0.005483,P2SH
2026-01-21T12:06:56,4d67efefbf727ace,input_YGbjPmUjrp,output_0QsUcYg1T1,3.71464,3.709023,0.005617,P2PKH
2026-01-10T09:26:28,f189bff1a4dc94df,input_slQlkFxAIi,output_KpuSjjud5M,3.312832,3.307921,0.004911,P2WPKH
2026-01-17T19:07:39,b6441b9b244774ab,input_B4MM7Qt46x,output_Hr4YxXBc3l,2.574335,2.564852,0.009483,P2PKH
2026-01-04T10:04:15,d4d4fc4cda9b1f0f,input_JoqyNAbPHN,output_MUKRe5gWsf,3.828718,3.824336,0.004382,P2SH
2026-01-15T18:59:27,b38bcf3eeba8ecc2,input_nTTn40ilMp,output_hPJdU9INeP,1.260931,1.258949,0.001982,P2WPKH
2026-01-07T12:28:39,2e2dd69d6cc86905,input_QuDBWEgOfr,output_Z3mTMT30NY,2.898715,2.891021,0.007694,P2PKH
2026-01-09T16:43:09,bfab84aa6ab8becb,input_JJ2jT6cVoq,output_oPGXy42cOg,4.842523,4.836184,0.006339,P2SH
2026-01-08T07:02:33,c88cd15f48b7bd0d,input_lwShoYSDDn,output_jZbcJjNcJd,1.298716,1.296907,0.001809,P2SH
2026-01-12T03:45:08,0fe619fd3cdbc4e5,input_xibG4QZLl3,output_L2GUfO3Ha6,3.396011,3.39169,0.004321,P2SH
2026-01-29T01:24:13,b5bb8caaf22a5c6d,input_GGxmXzgAKq,output_HJL9ymIIlI,2.423963,2.414078,0.009885,P2WPKH
2026-01-04T02:39:32,acea9f3487cff3f0,input_qwLS5yOr7d,output_VkEa05GmWF,3.495264,3.489108,0.006156,P2WPKH
2026-01-20T14:38:36,ef168e840fecfcc7,input_Jqzges6X72,output_YJR7IVU7CC,2.938264,2.937981,0.000283,P2PKH
2026-01-10T05:33:40,dfe56fb0c52ec1ea,input_EmT2mmpMjg,output_5PPMVHcDME,4.926953,4.917982,0.008971,P2SH
2026-01-30T17:56:17,e64c1babb8f3ffaf,input_1lqq7vlAzU,output_wyBJ8QYSXI,4.282981,4.281012,0.001969,P2WPKH
2026-01-28T01:31:28,092ddb6a5c12345c,input_5pbh17mJOk,output_WwPET3xrNi,0.846202,0.838123,0.008079,P2SH
2026-01-04T21:16:55,cc135665e59c7cf9,input_nyf6DdVG9g,output_Mf5yoTBhGk,0.185423,0.181848,0.003575,P2SH
2026-01-01T12:17:54,dec2ebcaad9ebda4,input_aY0vDa56Da,output_AsoaxzIykT,1.954719,1.950929,0.00379,P2SH
2026-01-10T00:37:58,5aebf6ab9c46ed5d,input_8rhBafanAW,output_ExRbeUjqyH,0.916203,0.907245,0.008958,P2SH
2026-01-15T12:08:32,ff8f5f4a2e48fe3a,input_m31nhNukrh,output_WacWDKxfjf,3.097038,3.087729,0.009309,P2WPKH
2026-01-10T01:26:09,efb25fbab94f72da,input_HuD1L1jGBY,output_HCWFT2MwMt,0.326075,0.316403,0.009672,P2SH
2026-01-18T18:50:00,acd7e2b1c2d4a2cc,input_nSa5O5ZDNw,output_U3YXdMGTZe,1.087341,1.082141,0.0052,P2PKH
2026-01-16T07:10:55,4b5d3a92e7aed338,input_I90zNZuoHx,output_IUwC7acrbi,4.45272,4.452644,7.6e-05,P2PKH
2026-01-24T10:11:30,aecebcc2a35d556c,input_kZQJ4KsTJe,output_dVvYz11oOL,0.067058,0.059282,0.007776,P2SH
2026-01-25T08:39:58,0b3b41a89db46821,input_ARVDmyJI9G,output_pqAQJgzwlv,3.280495,3.272796,0.007699,P2PKH
2026-01-11T03:30:49,f930b48ac21eedc0,input_TnHUIM9RPx,output_4GpdmRqC6e,3.30526,3.298627,0.006633,P2WPKH
2026-01-18T02:00:30,6d8fbfdad14fcf0e,input_ws98rdpy99,output_66nvyiTGQ2,3.435751,3.431572,0.004179,P2WPKH
2026-01-06T17:55:52,6d92ecf43fde9dae,input_l0jbt87sUY,output_NTjlib9MLL,2.98584,2.983523,0.002317,P2PKH
2026-01-22T07:48:15,b2cae48a348fee4e,input_1EuCpzcTxt,output_LUKG2WGBZc,4.979223,4.974031,0.005192,P2SH
2026-01-07T13:38:37,bd1686ca9d1b3c9f,input_yubC332fuO,output_SkTfRNfRT8,3.064242,3.062635,0.001607,P2WPKH
2026-01-01T06:41:59,37dc33a16af63df0,input_LEnOCBLa2r,output_MYmldvjcJL,1.662244,1.661358,0.000886,P2PKH
2026-01-26T14:03:39,edfdb3ace268819c,input_znmdJ8GfSL,output_WRA0qJM5ME,3.648632,3.64365,0.004982,P2PKH
2026-01-06T12:37:45,642aba4d917b4ef5,input_QvSMbkuuP4,output_XODM3HuWzU,4.177178,4.174178,0.003,P2WPKH
2026-01-05T05:07:36,0c7eb13c78b3d42b,input_EoC6nsgWW4,output_BbDFl5TGWi,4.360277,4.352054,0.008223,P2WPKH
2026-01-22T09:56:13,08d260cd7d2aa0ae,input_Pqjh7IgHIq,output_6XJkt3Hdb4,0.261775,0.257933,0.003842,P2PKH
2026-01-23T14:13:34,fddf9774ab1eac2b,input_D6i3pwl4u1,output_uEegD0rvJF,2.034373,2.027227,0.007146,P2PKH
2026-01-24T14:57:55,16ac553a14f9fc7f,input_hKugBtzLQK,output_YuNdniKUYU,3.307798,3.303263,0.004535,P2SH
2026-01-28T04:28:57,94d6beeefefcdbcc,input_Yw11oRytxx,output_HPDlx50j9P,0.680044,0.679317,0.000727,P2PKH
2026-01-25T08:33:23,a9f1e9abd93bc974,input_q5JccDwJ7e,output_TG1UrGGLpN,3.322047,3.315357,0.00669,P2WPKH
2026-01-15T03:55:01,ddb09dc77f63fd6b,input_YMrfF0rir1,output_agkKjBYqRE,3.998866,3.990244,0.008622,P2SH
2026-01-19T10:29:59,e3afa59e4a7ea238,input_QyqGArXxtG,output_7gGv0LOqqX,1.284166,1.27832,0.005846,P2SH
2026-01-30T02:20:02,c47f3cec02294640,input_NRh1iO3J73,output_RpC6N5rA4V,1.623787,1.622159,0.001628,P2PKH
2026-01-22T15:29:24,8f5b31f48e2b9d29,input_bEOacyjuya,output_RVDzTYeoxQ,3.901351,3.90013,0.001221,P2WPKH
2026-01-22T06:17:16,61fe8c7ca64cfe68,input_TilSKEdHtH,output_ZB9cdWchYP,2.297268,2.290484,0.006784,P2WPKH
2026-01-30T21:15:33,51aa0dd5e0ddc2dc,input_nXAY8Qu8Ji,output_ZXVKuhizRI,2.198919,2.189662,0.009257,P2PKH
2026-01-02T19:49:54,cdb0a031ed9baf4e,input_KSLfZszIl9,output_8M19FCMmdg,0.754595,0.746156,0.008439,P2SH
2026-01-16T19:27:01,e0e697ba0ae3ba2d,input_ogoozm3eKd,output_BnLlxCmwqu,0.170152,0.164461,0.005691,P2SH
2026-01-12T23:22:22,a9a463bedcc59bc4,input_pAn5643zc9,output_TFAyYRgEfU,3.468868,3.464796,0.004072,P2PKH
2026-01-26T18:34:01,5f0e3accfa3f4ddf,input_cAq6HXWf2T,output_d6P3gwMwkI,0.34436,0.337264,0.007096,P2PKH
2026-01-15T04:30:45,beaadfaa7db9189b,input_CwPQ82l2fy,output_l7ekgjjm7b,2.088518,2.081691,0.006827,P2PKH
2026-01-13T14:55:50,9e61d5ee97e7dfc9,input_oxr0jr7MjH,output_lkR4Xjh9JB,1.854664,1.852604,0.00206,P2WPKH
2026-01-28T20:26:27,f39fb20eaee3fcbe,input_PXT5ugDcQh,output_bMnwuLmGWV,0.986621,0.985776,0.000845,P2SH
2026-01-21T13:48:01,46ded73c8867fd1a,input_TzZLis9Gu5,output_KxaNqkCJ4m,4.163096,4.160194,0.002902,P2SH
2026-01-29T04:59:26,caa4b36ee2e63de0,input_DBpQ8YxTbq,output_KjCQwdwN7d,1.465404,1.459011,0.006393,P2PKH
2026-01-11T13:50:39,dad376cb5f7b7336,input_jnl3MZGGIU,output_hCeY5DtwY3,2.992267,2.984629,0.007638,P2SH
2026-01-13T06:46:51,0b4c34221fb1ba02,input_csafhLKmPb,output_jUrJv1WMFe,4.099737,4.092102,0.007635,P2WPKH
2026-01-23T14:48:53,f3a0feecaf4e2cf9,input_giVRIcuhrL,output_t8BIs1le0D,3.398864,3.397063,0.001801,P2WPKH
2026-01-29T19:39:08,8be28ffad3844c85,input_qWNyDLzErV,output_gpEMigdeQ8,1.919339,1.912544,0.006795,P2PKH
2026-01-02T14:17:03,21aab4ea57cce09e,input_kOW2kAtyVJ,output_EIHDIjdqKx,3.385674,3.378007,0.007667,P2SH
2026-01-27T03:18:03,c28bcad89f915561,input_uC1J3qRK9x,output_yJYgPuFVvM,1.823038,1.818672,0.004366,P2SH
2026-01-10T17:06:23,61f84a2c271ba4be,input_zpFPH2MGlE,output_OZ6qNY045T,0.308809,0.306795,0.002014,P2SH
2026-01-21T11:41:16,aac9cedc563f5530,input_OcjiqXOk07,output_Eb1fL13zwO,0.460628,0.451196,0.009432,P2WPKH
2026-01-14T07:52:14,cb2ecbba1db6caba,input_BpKEx6tAQ7,output_26wSYb7L0P,4.704833,4.697923,0.00691,P2WPKH
2026-01-20T17:21:38,8efdfb590fee6ea6,input_WqeWET5uA4,output_gjqeATHuRV,3.21045,3.208604,0.001846,P2SH
2026-01-18T20:17:04,46c25fae2d9e9d23,input_l262n65OM4,output_8mRkyAqfw6,0.595579,0.58839,0.007189,P2SH
2026-01-18T22:39:33,2f4cb6a2cdf6e983,input_KOfD28ynxA,output_LeId5DvLPX,3.550734,3.542634,0.0081,P2PKH
2026-01-18T12:07:13,8fe2d033a7a1f956,input_5r2MVqt3t9,output_Vj0OXdjocq,3.532755,3.528385,0.00437,P2SH
2026-01-12T22:47:39,fca2f3746cacce4f,input_VP3bQQyK6Z,output_jfZOC7Ka8O,4.754971,4.751715,0.003256,P2WPKH
2026-01-21T23:44:02,cb6bacd255a80488,input_T54LwfwmBy,output_qLfAwlNfF8,3.385436,3.378956,0.00648,P2WPKH
2026-01-13T07:12:34,db69da32dcb61102,input_wKVbTCW0cz,output_RtSUBYv4Yn,0.40032,0.390498,0.009822,P2SH
2026-01-10T03:17:36,080ea8eaf6bdffeb,input_1mOOBMWlsC,output_DbkjR7D1Km,2.851458,2.843118,0.00834,P2PKH
2026-01-21T06:00:01,dffcadc6aaddebaf,input_3hMOBBkTDB,output_FKQ50SD2Sy,2.090137,2.080724,0.009413,P2WPKH
2026-01-25T10:35:43,f34f1a33abea5cf7,input_bdAMhnpvwc,output_2qjQFPR5BC,4.209569,4.208451,0.001118,P2PKH
2026-01-23T23:51:28,cb3247afaad38c24,input_vFfxUwPjUA,output_oXzzC0Xwbj,0.059644,0.05158,0.008064,P2PKH
2026-01-14T13:58:05,8a980e3cffbdf9df,input_3LjzN3MMBv,output_YOW2fHyS2G,2.708543,2.706398,0.002145,P2WPKH
2026-01-17T10:56:26,7d0db5c69bac5b2a,input_8X9J3MHKvr,output_WSPSGpuKZw,0.498959,0.49184,0.007119,P2SH
2026-01-25T21:54:15,9241e8cbdceffea9,input_1hnDU6w7Lz,output_hJcjx9sEXi,2.952225,2.951729,0.000496,P2SH
2026-01-20T21:15:05,ca27d9ccdbafdaba,input_y3vcPBrfkb,output_NVtNNf7HU7,2.613551,2.606043,0.007508,P2WPKH
2026-01-05T19:43:55,e30b5fd9bd80c099,input_HrlVj7Qd7l,output_Ssgi3p63do,2.989053,2.98668,0.002373,P2WPKH
2026-01-19T02:55:55,21a8a85d5fe5cb68,input_Hkp77IcY7M,output_Okd5qpQ90n,4.205014,4.202194,0.00282,P2PKH
2026-01-01T18:29:42,6823c69df7f75a95,input_4i5LaakIRE,output_yf2OH3YBh8,1.888118,1.882101,0.006017,P2SH
2026-01-20T05:28:25,2840aaef4bdb4ff0,input_grFkmTPLkK,output_Uh512Tr0b8,3.391895,3.385747,0.006148,P2WPKH
2026-01-28T18:13:05,eee1e9f6ea7ad469,input_Y9nQ74mudM,output_bAbX50pD7Z,4.109953,4.104751,0.005202,P2PKH
2026-01-30T23:12:32,9292fe8dfb1b1d92,input_UoLOaxX2Mv,output_6WCulgKeWm,2.870329,2.863952,0.006377,P2SH
2026-01-25T14:49:24,f95b169fa6db3678,input_YIdv8NmelD,output_QCQ0Jusug2,4.55361,4.548646,0.004964,P2PKH
2026-01-14T19:00:05,a4aabb88c007c39d,input_k2SvIlb04b,output_QxWg6soYO6,4.885738,4.875761,0.009977,P2SH
2026-01-24T17:42:55,d24bf69deacc635d,input_mfDPeFUNFE,output_CtxRSEqy5K,0.192656,0.190453,0.002203,P2PKH
2026-01-22T10:36:15,4983c51a6b50b799,input_oOwf0FNW5g,output_ecmmusYQrR,4.989999,4.980015,0.009984,P2WPKH
2026-01-17T12:53:49,a67feca0efed5f45,input_XtlVRmBIxJ,output_h6aYZvzQzW,2.692644,2.689376,0.003268,P2PKH
2026-01-30T06:58:11,3ffcbec88e18a7fe,input_Ele7roOedG,output_k1zjgHDe71,0.658362,0.656297,0.002065,P2SH
2026-01-15T10:33:10,c64fa4f9cd57caa0,input_yZ0zlMAxOR,output_fRc2j2HPeT,4.512151,4.503063,0.009088,P2SH
2026-01-24T12:47:07,12a795ba1fa8ac80,input_CfOSBDrkZL,output_khTkPaqBlS,4.464512,4.459184,0.005328,P2SH
2026-01-05T16:33:03,bee2f9d1845d4000,input_XZkkzguIlm,output_H6hnwkytyC,0.339421,0.331268,0.008153,P2WPKH
2026-01-24T09:43:21,d9aaffbec527d8ea,input_eb4BFTFRab,output_VhoApeiEmx,3.213774,3.211386,0.002388,P2WPKH
2026-01-26T07:33:31,d26b0b9ba5a741ef,input_tBa1elNimf,output_KZ5oeStSpk,1.252357,1.249496,0.002861,P2SH
2026-01-23T12:11:34,b1f839baacb08cae,input_srIDuSm4a1,output_TxzzyUxt9e,4.426148,4.416223,0.009925,P2PKH
2026-01-23T02:39:42,495efbaffeea50bd,input_6jpJPkhfSx,output_R8e42kAQFH,4.434388,4.428523,0.005865,P2WPKH
2026-01-10T14:42:38,1db73ae86fb01fbe,input_EFgJnmUYl8,output_2B4gNefhdb,1.181553,1.176696,0.004857,P2PKH
2026-01-30T15:38:38,a0cf2b0dfaea798d,input_dwugCRS3iL,output_1rRYwMODzl,4.931045,4.921469,0.009576,P2SH
2026-01-25T11:56:39,dfae5aab7eeaef28,input_bEfZ99C37D,output_Hpk6Rg9b5u,1.923614,1.920803,0.002811,P2WPKH
2026-01-12T07:53:34,eeeedab74ce17eaf,input_nhffT6Uhw0,output_7JadH08twQ,3.984861,3.979659,0.005202,P2WPKH
2026-01-11T11:18:52,8ba3ecaad3ebfd6f,input_ERx8uZnTYR,output_d1lEy9O09H,1.693677,1.686895,0.006782,P2SH
2026-01-01T10:38:24,b6f4c82acbcfa33f,input_w1gW1x8Qkd,output_wD6hFuAjSp,0.602825,0.598853,0.003972,P2SH
2026-01-05T14:09:45,abfe1ac8d9022ed4,input_XlENAJgd4X,output_lYbIHYEGKS,3.952438,3.951188,0.00125,P2PKH
2026-01-26T05:11:42,d3cb2243cc0fb7b9,input_4sHiEt49LF,output_QPcci1niIK,1.394205,1.386911,0.007294,P2SH
2026-01-22T01:12:44,5e3aeee34d5defce,input_x7pqGQzuf4,output_WjXqg8n7Wh,2.637114,2.628358,0.008756,P2WPKH
2026-01-07T22:13:21,7c65216a3bebcd8d,input_xTdS8RpLRl,output_9XFrA62Ys1,4.737799,4.733728,0.004071,P2SH
2026-01-01T08:29:37,152c16eb0eee3afe,input_SRUpT6Z2GL,output_L7P2Gne0F7,2.119384,2.115587,0.003797,P2SH
2026-01-23T08:21:04,eccc6a50d8eefbde,input_uva3lvgEfF,output_jhEjOoysAl,4.059604,4.058508,0.001096,P2SH
2026-01-20T09:53:21,797d4408ad34ae59,input_F50yggbjFV,output_oQv8TArEVp,0.770954,0.765837,0.005117,P2PKH
2026-01-03T11:22:02,5fe9ab2ad4cd3286,input_xGR8nAdAdg,output_w6Sp3laOtr,1.407995,1.401926,0.006069,P2SH
2026-01-10T05:52:16,a72efa27bacd56c1,input_lBg6MsDVHj,output_hzS3V0IvwN,0.59597,0.591603,0.004367,P2SH
2026-01-11T01:05:04,eb36f6f1f4babb19,input_ljnR2XCRGs,output_nRIkcocj25,1.35947,1.351562,0.007908,P2WPKH
2026-01-29T07:32:54,2edf7ed52d6fd07a,input_gUxO1NIYnq,output_KYUjoTw3fl,0.93329,0.924665,0.008625,P2PKH
2026-01-03T02:57:39,ae0338d115ef2bfb,input_iVq6LXaXHY,output_0fiV3YtDpH,1.344609,1.339168,0.005441,P2PKH
2026-01-30T21:20:19,6bc3e093e4d8dc23,input_uw5fcjAulA,output_3QMr2qEwq4,3.995431,3.98754,0.007891,P2PKH
2026-01-12T22:30:13,8fba1cf61f4879f9,input_xIHEHofSGW,output_Ynfwm0wDig,4.557696,4.554081,0.003615,P2PKH
2026-01-07T20:36:00,cce944a2f3af912c,input_eeJYjlUURs,output_zuWRrj2bUF,0.064229,0.055901,0.008328,P2WPKH
2026-01-20T15:58:32,cebf93fbf24d44ac,input_ZkXOmgeL0b,output_rHeLUtINcq,4.883549,4.877897,0.005652,P2WPKH
2026-01-02T19:35:01,6e07684afff28a2b,input_rjC2fS2YOV,output_j7GTO5vWvw,4.281203,4.276888,0.004315,P2WPKH
2026-01-23T08:48:08,fdfcf20a6dbdaa36,input_pDp2OihJc1,output_y14hw07xQF,1.321509,1.312752,0.008757,P2WPKH
2026-01-20T06:28:27,1bfc328cc4de7abc,input_Vmut9ERDrc,output_jDNtbLx6wA,2.372314,2.371764,0.00055,P2PKH
2026-01-08T19:12:59,d1186fdbe5c2d7a3,input_7B4JZI3mSJ,output_iPZTZTa35E,1.588875,1.580953,0.007922,P2WPKH
2026-01-15T15:47:26,ffecdec0a4fbd444,input_3F1ROCzvHG,output_VhkAkKHx0Q,2.193093,2.190253,0.00284,P2WPKH
2026-01-23T12:32:15,c10e2adbdbbec4bc,input_zYRTaxnr2q,output_ZXzo3zajxY,4.101972,4.095969,0.006003,P2SH
2026-01-13T15:11:24,5f4ecbc2df3db92b,input_ZjtfbaVjMH,output_8JbT8NWlOn,0.977206,0.9688,0.008406,P2WPKH
2026-01-04T16:54:38,1130fd2e23531ce4,input_nA3NBjs4ON,output_0hvv9LaGph,3.034493,3.029129,0.005364,P2WPKH
2026-01-14T15:29:06,d2474ae5ae7c6aab,input_7gXKkmSABK,output_qtgxmv3YB3,4.790906,4.788368,0.002538,P2SH
2026-01-04T05:10:10,deb82b94548360ff,input_xLGgrL21e3,output_AUttmXE9Ah,0.863987,0.860712,0.003275,P2SH
2026-01-16T04:52:29,6ecfe6c8de0e12bf,input_Ecs9EN406g,output_nZi91SofSY,4.082577,4.077197,0.00538,P2PKH
2026-01-29T01:17:04,b2e17db533a2cadf,input_DErVDfVSvZ,output_pO1ReEnPDx,2.443351,2.43994,0.003411,P2WPKH
2026-01-06T04:51:57,6efec22e89d4819f,input_Uo3lbPCq5f,output_AjFFdqgOTA,1.477089,1.473056,0.004033,P2WPKH
2026-01-10T21:10:57,a9eef4105124df82,input_vrKTfFRDs4,output_otel3iaDul,1.326523,1.325744,0.000779,P2WPKH
2026-01-18T16:25:40,fca52ccfcb3326a9,input_CZsuGP10Eq,output_GNjzn9wbJR,2.159295,2.157224,0.002071,P2PKH
2026-01-28T12:12:34,26dbefd3e77ce64c,input_8Xr8EQCj7M,output_PsrXacrKds,2.157311,2.150705,0.006606,P2PKH
2026-01-13T16:23:27,76cea315f4c14a7b,input_5LkB2XiVpz,output_mss5ClWZfG,3.473726,3.468683,0.005043,P2WPKH
2026-01-26T03:31:24,9990cf9ad65b2bc6,input_CddZOugsDu,output_dTPTdmiTEn,3.381647,3.373123,0.008524,P2SH
2026-01-22T07:37:24,0af20d224ac9128f,input_1MANlYOkTH,output_DrP7EPyRgz,2.129916,2.129627,0.000289,P2SH
2026-01-18T01:57:17,06edd0dfaf6f7cb7,input_OIC1iWO5e0,output_D7LlRFOqRK,2.907816,2.901967,0.005849,P2SH
2026-01-04T12:54:47,c322eaafba5d3da9,input_BxNbkgBiNI,output_mEQnUAGWfb,4.799563,4.798592,0.000971,P2PKH
2026-01-07T04:11:23,bcd7ffab44cb7dcb,input_WshoLun65p,output_Re28eJ05Fy,0.292675,0.285697,0.006978,P2PKH
2026-01-04T10:26:41,e50757a3caeed51e,input_6LLeI6qccF,output_OAs08bdVYH,4.302869,4.296046,0.006823,P2WPKH
2026-01-01T17:21:29,1af9939df84915c4,input_2pddBrtL39,output_iyOOe6mRY3,4.295213,4.290772,0.004441,P2SH
2026-01-12T09:55:02,d5d7b279ea1ecb6c,input_ROChEcrxZf,output_rLE1xcmlAd,1.532689,1.527269,0.00542,P2SH
2026-01-28T19:07:49,dedbda7c99aa128f,input_SVq7C9o4rQ,output_r9VsJcrqpO,3.860104,3.859971,0.000133,P2SH
2026-01-12T00:57:44,cc90007ec8c1dce9,input_NjMdhcQ1Jc,output_SdSqpQ1vSL,1.755151,1.754367,0.000784,P2SH
2026-01-02T05:45:02,578c9ed37b78eafd,input_gntSUWS6xK,output_OjVO779J9N,3.672417,3.667023,0.005394,P2PKH
2026-01-24T12:04:51,ab95c655a7aa25ad,input_LBzJZhHWzK,output_iqrtfA8JNV,4.500364,4.491599,0.008765,P2PKH
2026-01-29T17:07:18,5cea209ff2ded78c,input_LgSe564NTB,output_URTSKYFjaK,3.372796,3.368255,0.004541,P2SH
2026-01-30T21:04:59,f6b5a1bbbe68ae0e,input_tvkrEnk6qL,output_gorfIFkLc3,2.6942,2.692241,0.001959,P2SH
2026-01-04T14:37:27,6e9929efe2da136e,input_uFrNFWRt5A,output_5Xt0O2cNai,1.887283,1.877851,0.009432,P2WPKH
2026-01-09T17:47:24,3ba64deca01c4395,input_202PENLHsn,output_73VABpAk7O,1.744417,1.74043,0.003987,P2PKH
2026-01-28T19:01:02,956bdb1a56898e5a,input_2HWg8LiH6b,output_xWuvVddnH9,4.192364,4.188403,0.003961,P2WPKH
2026-01-20T10:54:31,389c50cabbb060df,input_iTqfeSVzaZ,output_LjTXmLtuFb,1.377508,1.375473,0.002035,P2SH
2026-01-16T01:53:12,62fcadb50a88c24f,input_uY8fk1EpiM,output_DSJoVptujt,2.830909,2.826838,0.004071,P2PKH
2026-01-02T21:30:37,abc6e7fbcf12f8a3,input_2EMGi2zah9,output_S2qt3IkrQX,4.760457,4.756738,0.003719,P2WPKH
2026-01-04T05:47:42,47afe3fa63af0f42,input_vIoM5rY1Ks,output_MzpHOejTrq,0.520587,0.512616,0.007971,P2WPKH
2026-01-23T21:33:27,ad6bdea3bf2b33d7,input_uFhIxxDtGG,output_2076ZS0IEW,3.429984,3.424401,0.005583,P2SH
2026-01-01T15:08:22,dca79dde48ef474c,input_LcrDcRpM8Z,output_159NED2UYc,0.153896,0.144952,0.008944,P2PKH
2026-01-20T13:43:50,9c1e12bf4d0cc6fd,input_zPdlVjqkcL,output_QzN06tIhCZ,0.439615,0.430312,0.009303,P2PKH
2026-01-07T19:36:29,a4dfab481f5ced4a,input_JzZqm8qBfw,output_wVGZQk6KjJ,4.968841,4.964497,0.004344,P2WPKH
2026-01-01T09:12:07,fbcb1b5a02e43c88,input_jDu3lwkHUB,output_MKRTDpSLDy,0.210244,0.200953,0.009291,P2PKH
2026-01-20T05:21:58,95cd336dfbec3eb1,input_kaj2seomfp,output_Q0xDvDQR4P,4.158421,4.151356,0.007065,P2PKH
2026-01-04T18:01:32,a2bdca981aac4da8,input_OilnAvOArx,output_Yc7AkQZCfQ,0.516011,0.507385,0.008626,P2PKH
2026-01-26T19:29:20,c8aaf8a65ddb98a7,input_V1ea6RpFM2,output_ACc1CdLwAP,3.8365,3.836255,0.000245,P2SH
2026-01-26T09:59:24,99602ab83b23ad7a,input_JcucLSYgFS,output_uNsylUSUe4,4.826149,4.81821,0.007939,P2WPKH
2026-01-13T23:08:22,bc5b8aa9ab6edee5,input_CWNgnRnLTL,output_CAKHDIvtZj,4.273236,4.268241,0.004995,P2WPKH
2026-01-14T18:45:11,50cfdc74f866e0d3,input_IEo5iL0gn9,output_JljWTyzUzL,1.603823,1.600185,0.003638,P2PKH
2026-01-11T21:12:11,b48a6e3d80caef2c,input_iM9LT6upJD,output_fwU2OI10kw,4.374504,4.372744,0.00176,P2WPKH
2026-01-26T05:34:22,6d4a5dfbfb2d7e3a,input_91ezqShWOH,output_bDTsyYVwSF,3.251653,3.247361,0.004292,P2PKH
2026-01-13T12:30:02,5ca2397eb42e1da5,input_JKVjrnwws6,output_jNDBsURjsx,3.187444,3.187154,0.00029,P2PKH
2026-01-04T03:26:32,c5faf8d373c68da3,input_vtnrWWOwC4,output_400WGomPyg,1.65428,1.653599,0.000681,P2WPKH
2026-01-26T08:49:25,df1c55afe5fa0dc2,input_smpVDg2dWe,output_DBDgKLsaA4,3.602707,3.598275,0.004432,P2WPKH
2026-01-01T07:35:35,daf585d7a6e5b7eb,input_t8DkeAs5BN,output_HlWVnFtGgs,3.051538,3.045824,0.005714,P2PKH
2026-01-21T15:30:28,abcd3ffebb5eac63,input_IVa6dzOiCr,output_YmPpZbAxIT,3.989398,3.983219,0.006179,P2SH
2026-01-07T12:27:10,57afaf1efda6d82e,input_2e8TZ2KJIB,output_uHOIYQiV1R,3.697901,3.688329,0.009572,P2SH
2026-01-25T11:26:56,47574f5de3e9bbc1,input_2uHrueefIg,output_jF0JDOleQY,2.333919,2.325024,0.008895,P2WPKH
2026-01-28T21:16:09,1e7bfc90c0c04954,input_53SJljtgH6,output_chve15Omk9,1.172564,1.163364,0.0092,P2SH
2026-01-24T17:51:09,d9c89aa89848b23e,input_Tw9znfFDF6,output_bxA7gwte6O,1.154501,1.147486,0.007015,P2WPKH
2026-01-08T08:22:15,e6e735c23fa1bde8,input_UYl2gkEsM4,output_qtWu3c24cx,2.996552,2.991295,0.005257,P2PKH
2026-01-28T17:32:32,d2f2afcb2de6ad2e,input_mni6nffz2g,output_olOu8PGJ2V,0.667218,0.662992,0.004226,P2WPKH
2026-01-13T18:11:22,e0d814430b37ca7d,input_HhrV5u3pYE,output_IPPvGdwN7h,1.143354,1.138774,0.00458,P2PKH
2026-01-26T11:43:19,6d69f1db8ef4c40a,input_cHHR9kjQN1,output_o5SH7Amd8y,1.954964,1.949742,0.005222,P2SH
2026-01-10T09:17:38,2e05c6edf193cabe,input_pvo6iyTKPm,output_iruNGGVLoB,4.112979,4.107562,0.005417,P2WPKH
2026-01-25T00:10:16,dafde0c5d93fda6b,input_Z7AN1rSrpF,output_AZ8fgXpEKP,0.528788,0.520977,0.007811,P2WPKH
2026-01-23T08:48:16,c8be8dcbec2a7ed9,input_JG6YMWPbJb,output_6g5XT0pYv8,1.251018,1.246552,0.004466,P2PKH
2026-01-20T17:06:01,f5b4ac787bcc7dac,input_tElxqRvX3U,output_7ugK4RIUHy,3.481224,3.47923,0.001994,P2PKH
2026-01-11T15:07:28,c37728cadbdf74c5,input_poOnapbLZz,output_IJz0KM38UR,4.909762,4.901726,0.008036,P2SH
2026-01-27T21:32:29,de77f2cf5b2fbba6,input_YnqZCBKe9b,output_BO3DRdv7rp,4.483679,4.483394,0.000285,P2WPKH
2026-01-04T10:44:11,a28e6f65bb8afccf,input_MGTTpLVllO,output_Ehf6J6yzRi,1.723044,1.722076,0.000968,P2SH
2026-01-02T08:13:07,da484fd7ab0df183,input_XJxekNEH8g,output_QjxkB0VFYB,3.114192,3.104838,0.009354,P2PKH
2026-01-20T15:01:32,73bdadfeeec892c7,input_cd8D0OUK0f,output_O4IRGUNriV,1.471866,1.465599,0.006267,P2SH
2026-01-15T16:57:27,aa7a8ab6f1c41dac,input_xvHZQAF0FQ,output_cnClntSEJM,0.235717,0.231896,0.003821,P2WPKH
2026-01-14T05:37:09,dee7385e83dd5eef,input_zaZx0lWpaQ,output_cVhQehjXeH,0.84516,0.837756,0.007404,P2WPKH
2026-01-19T00:07:55,6c5a8d41c4b0a208,input_BiLc5VlntJ,output_6v65vmNyjs,0.32761,0.325762,0.001848,P2PKH
2026-01-28T07:36:23,9d15bc3f1f9bd3e8,input_dyJ1VcHbZD,output_JxQx4oEp8N,2.400854,2.391867,0.008987,P2SH
2026-01-22T22:58:53,3e3ffd80b3afb48c,input_BywuySmnlm,output_2OM3HVzNni,0.552164,0.545638,0.006526,P2SH
2026-01-07T08:06:27,4c38b39f8e6ac38b,input_VELVGMcgeb,output_51uf5wU7te,3.119926,3.116764,0.003162,P2SH
2026-01-19T11:50:16,36b3d32e9cdf6c52,input_DDVK9wBJBb,output_EPvvfwkMP4,0.563749,0.554398,0.009351,P2WPKH
2026-01-22T00:25:22,6bb7fadcf85bfd07,input_uq9OOub25a,output_JsmDyRqxwF,4.968329,4.964078,0.004251,P2WPKH
2026-01-04T15:51:38,754619ebecd02a53,input_aaY1MjM2C2,output_WghRmUff6a,3.960048,3.95771,0.002338,P2PKH
2026-01-10T03:16:01,d4bfafaadc9b1f5d,input_lt9kNKLFrA,output_ZTGO8pUedv,3.667242,3.66104,0.006202,P2SH
2026-01-29T12:10:17,d9fe7aefdfcf77b8,input_kQz2uX6z1C,output_jTx62Wx1jw,2.177563,2.169387,0.008176,P2PKH
2026-01-16T16:39:05,42837086fc5af9e3,input_RLiGEnE7Nu,output_tMLLGvxQhJ,2.37288,2.372693,0.000187,P2SH
2026-01-28T08:17:23,efeddda67bfdfbce,input_DbFfUMfEL3,output_7qBWXri0dp,3.169018,3.165739,0.003279,P2WPKH
2026-01-10T21:57:24,bfa6d4b4ed61dbb5,input_ibOVeC4jMI,output_KVgqrRCkh7,0.628336,0.619657,0.008679,P2WPKH
2026-01-12T09:48:38,6fcde87c06ccd1f2,input_fwwfveydzW,output_RHfmjV1odQ,0.130884,0.124451,0.006433,P2WPKH
2026-01-04T21:56:15,0aee378d8b60f914,input_Kw3knH4UrI,output_FjmLuuqhrb,3.020806,3.014288,0.006518,P2WPKH
2026-01-09T18:47:09,282e4aa6f4d6ae5d,input_1m6yu9LkEI,output_r91pM20M16,4.651496,4.648455,0.003041,P2SH
2026-01-24T03:10:06,1449d190ad65edb4,input_kgSC2RqbId,output_QnyxcACka3,3.286484,3.276889,0.009595,P2SH
2026-01-27T10:29:39,45ef4fbf0cccfbfa,input_kOxIjTvkyC,output_vsYUEHwAL2,1.670692,1.667099,0.003593,P2SH
2026-01-28T22:27:53,ed7ef37daccfbc8c,input_a5PkoSuhTX,output_IyOyJUQ9oN,0.786949,0.780007,0.006942,P2PKH
2026-01-20T13:31:47,231e58cb2b0024b1,input_aLvxsM5NKQ,output_8EvpDXUVAK,4.404372,4.39488,0.009492,P2WPKH
2026-01-07T05:34:42,0adab1ffeaa5f06b,input_KPbFelrJXH,output_SphGkC0cLA,3.437169,3.427483,0.009686,P2PKH
2026-01-25T02:03:05,58ae3864dcafbe23,input_wRbGRNgDrI,output_Aeq6wy442h,0.818357,0.812648,0.005709,P2WPKH
2026-01-07T15:41:18,f851b49c532f01b2,input_tpDnPDnkIM,output_1eP1jVD9ek,3.138435,3.134294,0.004141,P2WPKH
2026-01-14T23:06:37,519db0ee8dda2dbd,input_EeLzIRWVcr,output_rO9vZL41DE,3.789514,3.781117,0.008397,P2WPKH
2026-01-17T06:18:05,db37ffbd1dedd5e7,input_GzqAOV3iVs,output_QwHtXKkS2N,1.036612,1.02871,0.007902,P2SH
2026-01-28T13:07:53,a5a5cb3d5fbf04ee,input_Aq8MEgBtih,output_V9cegHhfUA,0.209288,0.202682,0.006606,P2PKH
2026-01-30T19:30:57,ff654dae750ca3f8,input_8qEf0nCkkn,output_gotJLxngfS,2.218213,2.210819,0.007394,P2SH
2026-01-15T02:39:55,a4e9d70b89431cf3,input_3x27QIOeSb,output_JwbBBABvq4,1.306697,1.305108,0.001589,P2PKH
2026-01-26T06:26:08,dbcf8a1e2f11e96c,input_e2MJW21TrD,output_Akb7LeVqWH,3.897506,3.891967,0.005539,P2SH
2026-01-01T00:10:00,132ccc65325ea180,burst_5pa1VFbFdi,burst_out_CXQyHzG76v,5.633103,5.625638,0.007465,P2WPKH
2026-01-01T00:10:05,e3c201fc2d860aa4,burst_5pa1VFbFdi,burst_out_WUBKViXyi3,7.421982,7.418706,0.003276,P2WPKH
2026-01-01T00:10:10,da91ede61a8e9d7b,burst_5pa1VFbFdi,burst_out_D51Dvl5k9j,6.26663,6.263204,0.003426,P2WPKH
2026-01-01T00:10:15,897d778bcda9beca,burst_5pa1VFbFdi,burst_out_F9jZuSTNiV,3.178005,3.171453,0.006552,P2WPKH
2026-01-01T00:10:20,6e4c9c3c5e01c5a1,burst_5pa1VFbFdi,burst_out_D85EeC3M80,7.734011,7.730688,0.003323,P2WPKH
2026-01-01T00:10:25,d73ffb6dd40a7baf,burst_5pa1VFbFdi,burst_out_z7s1gjnW2p,7.431048,7.421714,0.009334,P2WPKH
2026-01-01T00:10:30,a9713ae16d9b3a0e,burst_5pa1VFbFdi,burst_out_ho2E7Kz0rL,2.989367,2.986934,0.002433,P2WPKH
2026-01-01T00:10:35,21a39debf31a06ce,burst_5pa1VFbFdi,burst_out_4RPfktg9fc,2.001279,1.991976,0.009303,P2WPKH
2026-01-01T00:10:40,2ddbc61d5ef2df0c,burst_5pa1VFbFdi,burst_out_PRYwFsRyYo,7.907592,7.903808,0.003784,P2WPKH
2026-01-01T00:10:45,f01d3f2f6775a9ee,burst_5pa1VFbFdi,burst_out_PTsR3Owyvd,7.046728,7.038495,0.008233,P2WPKH
2026-01-01T00:10:50,e8f727f96ecf0be9,burst_5pa1VFbFdi,burst_out_E9j2oL74Sz,6.62516,6.618476,0.006684,P2WPKH
2026-01-01T00:10:55,72af43eca68bce4a,burst_5pa1VFbFdi,burst_out_Tc7Kr9CrbK,7.790515,7.78895,0.001565,P2WPKH
2026-01-01T00:11:00,ed56c96e05d55b0e,burst_5pa1VFbFdi,burst_out_ByA7XqYHzF,7.715584,7.707432,0.008152,P2WPKH
2026-01-01T00:11:05,eacbcbce8f3e0975,burst_5pa1VFbFdi,burst_out_Dg5TkspkAT,4.168578,4.160692,0.007886,P2WPKH
2026-01-01T00:11:10,e132ee1aa53a7bcb,burst_5pa1VFbFdi,burst_out_FDMWwfkYHp,2.109365,2.10014,0.009225,P2WPKH
2026-01-01T00:11:15,f37bf4fa778a2bb4,burst_5pa1VFbFdi,burst_out_lNVUe9oO4E,6.625034,6.620549,0.004485,P2WPKH
2026-01-01T00:11:20,04c0e87a06a22bad,burst_5pa1VFbFdi,burst_out_DIIVhYWNpH,4.553844,4.552494,0.00135,P2WPKH
2026-01-01T00:11:25,fbf6cff8aa806423,burst_5pa1VFbFdi,burst_out_GLgh8VthJK,2.473033,2.471591,0.001442,P2WPKH
2026-01-01T00:11:30,e1fedcde28e6d27a,burst_5pa1VFbFdi,burst_out_if6a3cYzgj,7.637943,7.628888,0.009055,P2WPKH
2026-01-01T00:11:35,ecdd04f3fdbf0b6b,burst_5pa1VFbFdi,burst_out_WlHdnPlGvz,5.544621,5.535424,0.009197,P2WPKH
2026-01-01T00:11:40,f5d02cafcbcf5f55,burst_5pa1VFbFdi,burst_out_cey7rgangR,4.480135,4.476063,0.004072,P2WPKH
2026-01-01T00:11:45,d79ee94d47dceae9,burst_5pa1VFbFdi,burst_out_pAjWZUGmgr,3.700677,3.698083,0.002594,P2WPKH
2026-01-01T00:11:50,19644dcf5a92be8f,burst_5pa1VFbFdi,burst_out_INiqwpg1Gt,4.422288,4.420721,0.001567,P2WPKH
2026-01-01T00:11:55,55fecceedf0f7fcc,burst_5pa1VFbFdi,burst_out_algsVpXKMP,7.763924,7.757837,0.006087,P2WPKH
2026-01-01T00:12:00,d7c7aba9cf2d5d49,burst_5pa1VFbFdi,burst_out_9eQ8BiTngp,7.509221,7.504539,0.004682,P2WPKH
2026-01-01T00:12:05,d2ed25dae5a63aae,burst_5pa1VFbFdi,burst_out_E9X3gFoJaR,7.607929,7.600149,0.00778,P2WPKH
2026-01-01T00:12:10,fce4c503c4619d0f,burst_5pa1VFbFdi,burst_out_SwUVZAQZjx,3.028251,3.026935,0.001316,P2WPKH
2026-01-01T00:12:15,2a4325b5bceeedef,burst_5pa1VFbFdi,burst_out_2j9HJ7ALXr,3.561372,3.558445,0.002927,P2WPKH
2026-01-01T00:12:20,46aa2cb21abcc8ef,burst_5pa1VFbFdi,burst_out_Ydl2Xod1He,5.234017,5.232265,0.001752,P2WPKH
2026-01-01T00:12:25,7239c4b4dbd1fca7,burst_5pa1VFbFdi,burst_out_kr0bVWWQ1S,2.501803,2.499319,0.002484,P2WPKH
2026-01-01T00:12:30,14e2bb8badff6ebb,burst_5pa1VFbFdi,burst_out_rsjHjPHrGV,2.903463,2.895044,0.008419,P2WPKH
2026-01-01T00:12:35,6aba01ed8e1f6382,burst_5pa1VFbFdi,burst_out_zXF9wdtkJT,5.31526,5.313906,0.001354,P2WPKH
2026-01-01T00:12:40,9ccdb0ddee415128,burst_5pa1VFbFdi,burst_out_ZhIGaMq1l6,4.990683,4.981305,0.009378,P2WPKH
2026-01-01T00:12:45,b1531fd63cea8359,burst_5pa1VFbFdi,burst_out_SwSGntWf2Y,3.749752,3.739912,0.00984,P2WPKH
2026-01-01T00:12:50,ad085e7f6fe01896,burst_5pa1VFbFdi,burst_out_sJYF4VTwIF,3.070728,3.060887,0.009841,P2WPKH
2026-01-01T00:12:55,dfe76ef644fc4bcd,burst_5pa1VFbFdi,burst_out_hTYXfSCC2h,2.289982,2.280202,0.00978,P2WPKH
2026-01-01T00:13:00,a2ef08011aaaff2f,burst_5pa1VFbFdi,burst_out_1WSGa4mbYK,4.007531,4.002796,0.004735,P2WPKH
2026-01-01T00:13:05,e58af56f2f90d48b,burst_5pa1VFbFdi,burst_out_idtehGVrHo,4.382013,4.376717,0.005296,P2WPKH
2026-01-01T00:13:10,4b34d3567150aa2b,burst_5pa1VFbFdi,burst_out_6cwbXo6A7U,5.116036,5.114172,0.001864,P2WPKH
2026-01-01T00:13:15,eed1d78dba8f1e4e,burst_5pa1VFbFdi,burst_out_VpvdAIBgME,6.578312,6.571515,0.006797,P2WPKH
2026-01-01T00:13:20,c6f26cbfb75ceab8,burst_5pa1VFbFdi,burst_out_nNMhgwQbYF,7.959143,7.952915,0.006228,P2WPKH
2026-01-01T00:13:25,30ffc3afddac8b6c,burst_5pa1VFbFdi,burst_out_LLTQ8C3sHw,4.304593,4.295026,0.009567,P2WPKH
2026-01-01T00:13:30,6adcbced2cb4bb9c,burst_5pa1VFbFdi,burst_out_7dMbIjNCz3,5.851616,5.849051,0.002565,P2WPKH
2026-01-01T00:13:35,b4ed75e3dacfcdfd,burst_5pa1VFbFdi,burst_out_hiRLvI0jKw,6.059325,6.054418,0.004907,P2WPKH
2026-01-01T00:13:40,c7de4cb2cdab67e2,burst_5pa1VFbFdi,burst_out_0WyjKV0q30,6.99518,6.992702,0.002478,P2WPKH
2026-01-01T00:13:45,98d11cab1eb7fc11,burst_5pa1VFbFdi,burst_out_GLrsL1tCV1,5.130846,5.121999,0.008847,P2WPKH
2026-01-01T00:13:50,18e5d9d81edfa923,burst_5pa1VFbFdi,burst_out_bXUEMDxcjR,5.610789,5.602867,0.007922,P2WPKH
2026-01-01T00:13:55,e5f4912e7e4e8aea,burst_5pa1VFbFdi,burst_out_m94QekxnAZ,7.877265,7.873405,0.00386,P2WPKH
2026-01-01T00:14:00,849db6df3c1d60b9,burst_5pa1VFbFdi,burst_out_rdCQZyH54T,4.99795,4.992329,0.005621,P2WPKH
2026-01-01T00:14:05,eddcc24bf3caaad5,burst_5pa1VFbFdi,burst_out_AZ2H20kQtb,3.37345,3.365698,0.007752,P2WPKH
2026-01-06T00:00:00,bbc0a83e347e18d8,fanout_HNy5hDd1E3,fanout_out_WHBgqJTGVk,3.945106,3.943982,0.001124,P2SH
2026-01-06T00:01:00,fcbf5dbbde2ecbef,fanout_HNy5hDd1E3,fanout_out_o0ASSp8OsL,3.538407,3.535163,0.003244,P2SH
2026-01-06T00:02:00,69cabef973d884ae,fanout_HNy5hDd1E3,fanout_out_bMrW7dM8EG,2.153423,2.152248,0.001175,P2SH
2026-01-06T00:03:00,acc2b4f0e7b84d51,fanout_HNy5hDd1E3,fanout_out_qb3w9xMQJb,1.374476,1.372718,0.001758,P2SH
2026-01-06T00:04:00,c54ba83cd45efacb,fanout_HNy5hDd1E3,fanout_out_Zn6H3JgzqQ,3.747991,3.746651,0.00134,P2SH
2026-01-06T00:05:00,3e8f3e4f7df2ce2f,fanout_HNy5hDd1E3,fanout_out_wbOG76IatE,3.040309,3.036097,0.004212,P2SH
2026-01-06T00:06:00,ddc1ced34c75b188,fanout_HNy5hDd1E3,fanout_out_fsgZmnkMnA,3.183525,3.178747,0.004778,P2SH
2026-01-06T00:07:00,c1f5cfe2eb07ade2,fanout_HNy5hDd1E3,fanout_out_KDdTiDqi0G,3.56936,3.567293,0.002067,P2SH
2026-01-06T00:08:00,ceb9fdc9ab6c3fbf,fanout_HNy5hDd1E3,fanout_out_3rNTAw1W0r,2.506093,2.504223,0.00187,P2SH
2026-01-06T00:09:00,b972cd0b85e5f2dd,fanout_HNy5hDd1E3,fanout_out_ZX1eavcmNI,1.546447,1.545495,0.000952,P2SH
2026-01-06T00:10:00,d8df3ffe9dbf69a2,fanout_HNy5hDd1E3,fanout_out_09R4r6enYR,3.423187,3.422211,0.000976,P2SH
2026-01-06T00:11:00,43c062801553fa03,fanout_HNy5hDd1E3,fanout_out_DGfCW3DtUw,2.883204,2.880527,0.002677,P2SH
2026-01-06T00:12:00,7dbbe9dca8c392a1,fanout_HNy5hDd1E3,fanout_out_QmWT5O775u,1.517632,1.514537,0.003095,P2SH
2026-01-06T00:13:00,dfabece5c53ef5cd,fanout_HNy5hDd1E3,fanout_out_mItzENT2nY,1.869528,1.864789,0.004739,P2SH
2026-01-06T00:14:00,ceaf2ddcc0c937ed,fanout_HNy5hDd1E3,fanout_out_V4SnRYi66G,1.392005,1.391379,0.000626,P2SH
2026-01-06T00:15:00,b8bcc3d5cdedbbc7,fanout_HNy5hDd1E3,fanout_out_nTRxFlNydZ,3.251821,3.246832,0.004989,P2SH
2026-01-06T00:16:00,f581cb7a7dedce2b,fanout_HNy5hDd1E3,fanout_out_Nk56UPfmr1,2.534143,2.533388,0.000755,P2SH
2026-01-06T00:17:00,9a4d2f313342ffaa,fanout_HNy5hDd1E3,fanout_out_OdLUfgyilh,3.165012,3.162503,0.002509,P2SH
2026-01-06T00:18:00,ae4da0c97beadbb2,fanout_HNy5hDd1E3,fanout_out_VrgrWQMiua,2.99477,2.989851,0.004919,P2SH
2026-01-06T00:19:00,0c4cf78bba0efc7b,fanout_HNy5hDd1E3,fanout_out_KZWoCil5IH,2.162106,2.158174,0.003932,P2SH
2026-01-06T00:20:00,edb0fe9735a1d1ff,fanout_HNy5hDd1E3,fanout_out_A1bohrO3vq,3.592166,3.587941,0.004225,P2SH
2026-01-06T00:21:00,fd0107dfca99bd8c,fanout_HNy5hDd1E3,fanout_out_Wvr06p0iYC,1.008196,1.007497,0.000699,P2SH
2026-01-06T00:22:00,24ba9596ea9002f8,fanout_HNy5hDd1E3,fanout_out_gK1gvdfFzg,1.161649,1.157942,0.003707,P2SH
2026-01-06T00:23:00,7b66b3f0c3bb7995,fanout_HNy5hDd1E3,fanout_out_bhamP2myZ5,2.318429,2.316785,0.001644,P2SH
2026-01-06T00:24:00,1cbcfa0f8967cab1,fanout_HNy5hDd1E3,fanout_out_KPhpbOKH6e,3.144708,3.1408,0.003908,P2SH
2026-01-06T00:25:00,c6ef635d0cedaebb,fanout_HNy5hDd1E3,fanout_out_EneCBhzLUg,3.724227,3.719427,0.0048,P2SH
2026-01-06T00:26:00,ac5ca94fbd6c2db1,fanout_HNy5hDd1E3,fanout_out_Yq207indC4,3.532753,3.531777,0.000976,P2SH
2026-01-06T00:27:00,de5cdcf18fdbbfcd,fanout_HNy5hDd1E3,fanout_out_3fBbZFKrPb,3.461046,3.460228,0.000818,P2SH
2026-01-06T00:28:00,63a9d7bec9b903b5,fanout_HNy5hDd1E3,fanout_out_cDDf00xfKf,2.943856,2.942978,0.000878,P2SH
2026-01-06T00:29:00,53ecbaacfead5c52,fanout_HNy5hDd1E3,fanout_out_4fKgAEIpEP,3.42544,3.422451,0.002989,P2SH
2026-01-06T00:30:00,2eccee3edef6d855,fanout_HNy5hDd1E3,fanout_out_LbCteaIgi8,2.066714,2.062794,0.00392,P2SH
2026-01-06T00:31:00,c0ffb58f509f83fb,fanout_HNy5hDd1E3,fanout_out_LebZfe9h39,1.744855,1.74138,0.003475,P2SH
2026-01-06T00:32:00,fdf24fd7f05c27c0,fanout_HNy5hDd1E3,fanout_out_k4rsihgtbl,1.867457,1.86683,0.000627,P2SH
2026-01-06T00:33:00,aade1bfdcc0bd08c,fanout_HNy5hDd1E3,fanout_out_jqBz0gouly,2.129595,2.127902,0.001693,P2SH
2026-01-06T00:34:00,fcfc6bcfd7cfb122,fanout_HNy5hDd1E3,fanout_out_Ll0W9p53ch,2.423442,2.421041,0.002401,P2SH
2026-01-06T00:35:00,bab469f2b581a1de,fanout_HNy5hDd1E3,fanout_out_siGJlsxx1W,3.22168,3.218675,0.003005,P2SH
2026-01-06T00:36:00,793ce6da9b09eaf4,fanout_HNy5hDd1E3,fanout_out_FLApWqzxiN,3.311274,3.30926,0.002014,P2SH
2026-01-06T00:37:00,d7e0e9c233a9fae6,fanout_HNy5hDd1E3,fanout_out_iteber8f40,3.445857,3.444227,0.00163,P2SH
2026-01-06T00:38:00,0db2cfaac41cd7ed,fanout_HNy5hDd1E3,fanout_out_5qiSX0NAjg,1.493872,1.492454,0.001418,P2SH
2026-01-06T00:39:00,79fadba7c3fe32ef,fanout_HNy5hDd1E3,fanout_out_oupX8qb6pO,1.855621,1.853018,0.002603,P2SH
2026-01-06T00:40:00,2e3f9adaffdb19ba,fanout_HNy5hDd1E3,fanout_out_psNUEb1Ixk,1.218328,1.215692,0.002636,P2SH
2026-01-06T00:41:00,b1bfc5f48ff7bc5d,fanout_HNy5hDd1E3,fanout_out_uosc5RNge2,2.321625,2.318852,0.002773,P2SH
2026-01-06T00:42:00,735ef59c4b71d4fc,fanout_HNy5hDd1E3,fanout_out_aQUXPoKjCF,2.983211,2.978777,0.004434,P2SH
2026-01-06T00:43:00,cfbbdad6fafc2ce5,fanout_HNy5hDd1E3,fanout_out_oY19H7Skim,2.670241,2.668722,0.001519,P2SH
2026-01-06T00:44:00,c2ffea8becfbb1ce,fanout_HNy5hDd1E3,fanout_out_khYao3bQxA,1.343843,1.339248,0.004595,P2SH
2026-01-06T00:45:00,eef2cb4821fd675e,fanout_HNy5hDd1E3,fanout_out_KUWrWVIitz,3.947326,3.945402,0.001924,P2SH
2026-01-06T00:46:00,4b0c848beec910f9,fanout_HNy5hDd1E3,fanout_out_8PAfaO4sff,3.52217,3.517201,0.004969,P2SH
2026-01-06T00:47:00,b2dedaab0ba9c63b,fanout_HNy5hDd1E3,fanout_out_JMjLWGHIGN,1.35494,1.352059,0.002881,P2SH
2026-01-06T00:48:00,88d39198f5019ffa,fanout_HNy5hDd1E3,fanout_out_7GI2xse0V8,2.714919,2.710214,0.004705,P2SH
2026-01-06T00:49:00,76faafe36db2ecc6,fanout_HNy5hDd1E3,fanout_out_LK6Bki6uKB,3.433488,3.429021,0.004467,P2SH
2026-01-11T00:00:00,c3c8cf0a18ed9ea4,peel_qiZvsEZtWh,peel_next_i0DlkIuSWa,40.667196,40.661514,0.005682,P2WSH
2026-01-11T00:10:00,3591f1ebea01beea,peel_next_i0DlkIuSWa,peel_next_dhxalCY8Ot,35.136043,35.128315,0.007728,P2WSH
2026-01-11T00:20:00,1c401960f5ff1bbc,peel_next_dhxalCY8Ot,peel_next_usYiJDKJ1z,28.795585,28.792271,0.003314,P2WSH
2026-01-11T00:30:00,c1dfef46b4ab073b,peel_next_usYiJDKJ1z,peel_next_PzQe3n2Xwp,26.333156,26.324741,0.008415,P2WSH
2026-01-11T00:40:00,b86c094cffdebcf6,peel_next_PzQe3n2Xwp,peel_next_o5XN0zicuB,22.814337,22.810847,0.00349,P2WSH
2026-01-11T00:50:00,78844cdb7a2afaed,peel_next_o5XN0zicuB,peel_next_3gfgW6f9bu,19.257825,19.248343,0.009482,P2WSH
2026-01-11T01:00:00,30f85bef1301296b,peel_next_3gfgW6f9bu,peel_next_J2djzY4egn,17.475977,17.473329,0.002648,P2WSH
2026-01-11T01:10:00,5dd06faafcacefc8,peel_next_J2djzY4egn,peel_next_boUeay7M8V,14.010652,14.003442,0.00721,P2WSH
2026-01-11T01:20:00,2041df616d24edd3,peel_next_boUeay7M8V,peel_next_HvU4Qvcycz,12.22548,12.216015,0.009465,P2WSH
2026-01-11T01:30:00,9ec1cfa0f5a5effe,peel_next_HvU4Qvcycz,peel_next_JrK7xnaEx0,10.060821,10.056868,0.003953,P2WSH
2026-01-11T01:40:00,1485d42b414ef3b6,peel_next_JrK7xnaEx0,peel_next_1eTbc3APwa,9.198472,9.192603,0.005869,P2WSH
2026-01-11T01:50:00,0d289bd0d7fe7dcb,peel_next_1eTbc3APwa,peel_next_HuJlkTVtyo,8.516714,8.511942,0.004772,P2WSH
2026-01-11T02:00:00,d38b1aa0d09173fc,peel_next_HuJlkTVtyo,peel_next_lA7gXSkv4W,7.476363,7.467174,0.009189,P2WSH
2026-01-11T02:10:00,2229b7cadcaf3f8b,peel_next_lA7gXSkv4W,peel_next_RUV4DVR1e8,6.655481,6.65309,0.002391,P2WSH
2026-01-11T02:20:00,b6f612b3a31cdbdc,peel_next_RUV4DVR1e8,peel_next_oPjprErniU,5.846304,5.844317,0.001987,P2WSH
2026-01-11T02:30:00,cffeaa2df6f3c297,peel_next_oPjprErniU,peel_next_5Rgxm3VFz2,5.032388,5.027825,0.004563,P2WSH
2026-01-11T02:40:00,7b5ca7d2b2103d9d,peel_next_5Rgxm3VFz2,peel_next_QUDxL1jUGh,4.614406,4.611033,0.003373,P2WSH
2026-01-11T02:50:00,183cb42ab8c8ccda,peel_next_QUDxL1jUGh,peel_next_U3xR5fFyws,3.88729,3.879422,0.007868,P2WSH
2026-01-11T03:00:00,f846afc76d34c89c,peel_next_U3xR5fFyws,peel_next_f8pWP5T6It,3.49546,3.493547,0.001913,P2WSH
2026-01-11T03:10:00,bafedae356c1df54,peel_next_f8pWP5T6It,peel_next_voi7968lwd,3.073428,3.070404,0.003024,P2WSH
2026-01-11T03:20:00,b51ccb88f8aaec57,peel_next_voi7968lwd,peel_next_CK3XqV3N6w,2.566825,2.562489,0.004336,P2WSH
2026-01-11T03:30:00,8ab8b9d2360f07cd,peel_next_CK3XqV3N6w,peel_next_6FYlyiWxxs,2.221685,2.219669,0.002016,P2WSH
2026-01-11T03:40:00,38ff58e6feec5deb,peel_next_6FYlyiWxxs,peel_next_sttSdJnVo7,2.002364,2.001201,0.001163,P2WSH
2026-01-11T03:50:00,ab73e1a9ec74bea3,peel_next_sttSdJnVo7,peel_next_3FCqQ3Egm7,1.862026,1.852622,0.009404,P2WSH
2026-01-11T04:00:00,bdc499c874a2ee1a,peel_next_3FCqQ3Egm7,peel_next_RYY5d5wOOc,1.489133,1.486765,0.002368,P2WSH
2026-01-11T04:10:00,14ac49d4cba48bfa,peel_next_RYY5d5wOOc,peel_next_kchxvRGy4b,1.333229,1.327048,0.006181,P2WSH
2026-01-11T04:20:00,7ff7de453ea9f4bd,peel_next_kchxvRGy4b,peel_next_awDQ3ZWnoA,1.162615,1.152867,0.009748,P2WSH
2026-01-11T04:30:00,cab8afabc400287c,peel_next_awDQ3ZWnoA,peel_next_ZI3II7R7EX,1.031286,1.021979,0.009307,P2WSH
2026-01-11T04:40:00,ba7a24f4f3eebda6,peel_next_ZI3II7R7EX,peel_next_9v91JSPQ1l,0.964496,0.959851,0.004645,P2WSH
2026-01-11T04:50:00,4ed5dbab1eb5fa25,peel_next_9v91JSPQ1l,peel_next_Et16VOuaOn,0.823365,0.818753,0.004612,P2WSH
2026-01-11T05:00:00,5ca81ab07cbee89f,peel_next_Et16VOuaOn,peel_next_eJ4vAb5fSK,0.68098,0.677091,0.003889,P2WSH
2026-01-11T05:10:00,1bb03fe1da2e3145,peel_next_eJ4vAb5fSK,peel_next_S4MCJCc7De,0.584976,0.575937,0.009039,P2WSH
2026-01-11T05:20:00,2ee0fffbab7ceefd,peel_next_S4MCJCc7De,peel_next_RthfVul7PW,0.515775,0.51314,0.002635,P2WSH
2026-01-11T05:30:00,c707b56eb6013fa6,peel_next_RthfVul7PW,peel_next_HVEsBBt6Am,0.479057,0.474217,0.00484,P2WSH
2026-01-11T05:40:00,087fa0afcdf92de3,peel_next_HVEsBBt6Am,peel_next_RnmRKSlvkj,0.408789,0.405932,0.002857,P2WSH
2026-01-11T05:50:00,dedcc78e99675dea,peel_next_RnmRKSlvkj,peel_next_tpe3Ly5KUp,0.367715,0.358995,0.00872,P2WSH
2026-01-11T06:00:00,c590acf34db2ff4c,peel_next_tpe3Ly5KUp,peel_next_YN2K5gj79V,0.311188,0.309637,0.001551,P2WSH
2026-01-11T06:10:00,a6c76f97b2b006cc,peel_next_YN2K5gj79V,peel_next_xdSndb32gW,0.257186,0.248412,0.008774,P2WSH
2026-01-11T06:20:00,bd4cdcfc9bede576,peel_next_xdSndb32gW,peel_next_quyfnHx2sl,0.229613,0.227195,0.002418,P2WSH
2026-01-11T06:30:00,4a48e059cbfb8cc0,peel_next_quyfnHx2sl,peel_next_X9OS3JrU7j,0.20918,0.207373,0.001807,P2WSH
2026-01-11T06:40:00,15f6c15bce3bd683,peel_next_X9OS3JrU7j,peel_next_UTUVmi9Moi,0.17008,0.165469,0.004611,P2WSH
2026-01-11T06:50:00,545a1fe9ae0c3ada,peel_next_UTUVmi9Moi,peel_next_t3drwd6koK,0.151477,0.143132,0.008345,P2WSH
2026-01-11T07:00:00,fe2261fcafa1ffe2,peel_next_t3drwd6koK,peel_next_dxB2zZOHT7,0.132362,0.127075,0.005287,P2WSH
2026-01-11T07:10:00,9dce458e5d9ba3be,peel_next_dxB2zZOHT7,peel_next_ltc7WvyHS4,0.115474,0.113147,0.002327,P2WSH
2026-01-11T07:20:00,9a14211bf0ffcba1,peel_next_ltc7WvyHS4,peel_next_48e11ERX5L,0.096501,0.090211,0.00629,P2WSH
2026-01-11T07:30:00,37daa33a85493763,peel_next_48e11ERX5L,peel_next_xxtYKO0lmT,0.081538,0.07319,0.008348,P2WSH
2026-01-11T07:40:00,9d0bbbc7503cd8b7,peel_next_xxtYKO0lmT,peel_next_L2lQEM4yNm,0.068956,0.062576,0.00638,P2WSH
2026-01-11T07:50:00,9a73ec018b3d08f3,peel_next_L2lQEM4yNm,peel_next_Kht15zcKtP,0.05552,0.052427,0.003093,P2WSH
2026-01-11T08:00:00,e3d6a391ed0e74f4,peel_next_Kht15zcKtP,peel_next_H0cJ0n1dNk,0.043136,0.033588,0.009548,P2WSH
2026-01-11T08:10:00,be28399a8d2cb5b8,peel_next_H0cJ0n1dNk,peel_next_9UZPcyJF5B,0.029513,0.026312,0.003201,P2WSH
